origin_planet,destination_planet,min_time_days_1_3g,max_time_days_1_3g,median_time_days_1_3g,min_time_days_1g,max_time_days_1g,median_time_days_1g,min_distance_au,max_distance_au,min_distance_km,max_distance_km,min_deltav_kms_1_3g,max_deltav_kms_1_3g,min_deltav_kms_1g,max_deltav_kms_1g,origin_perihelion_au,origin_aphelion_au,destination_perihelion_au,destination_aphelion_au
Mercury,Venus,2.482,5.415,1.992,1.433,3.126,1.15,0.251,1.195,37549600.0,178772000.0,700.46,1528.38,1213.24,2647.24,0.307,0.467,0.718,0.728
Mercury,Earth,3.558,6.035,2.897,2.054,3.484,1.672,0.516,1.484,77193600.0,222006400.0,1004.32,1703.2,1739.54,2950.03,0.307,0.467,0.983,1.017
Mercury,Mars,4.736,7.235,4.29,2.734,4.177,2.477,0.914,2.133,136734400.0,319096800.0,1336.66,2041.94,2315.16,3536.75,0.307,0.467,1.381,1.666
Mercury,Ceres,7.153,9.194,6.77,4.13,5.308,3.909,2.0848,3.4445,311886080.0,515297200.0,2018.74,2594.85,3496.56,4494.4,0.307,0.467,2.5518,2.9775
Mercury,Jupiter,10.489,12.057,10.184,6.056,6.961,5.88,4.483,5.924,670656800.0,886230400.0,2960.28,3402.95,5127.35,5894.08,0.307,0.467,4.95,5.457
Mercury,Saturn,14.505,16.121,14.495,8.375,9.308,8.369,8.574,10.591,1282670400.0,1584413600.0,4093.93,4550.06,7090.89,7880.93,0.307,0.467,9.041,10.124
Mercury,Uranus,20.963,22.445,21.117,12.103,12.959,12.192,17.908,20.53,2679036800.0,3071288000.0,5916.6,6334.95,10247.84,10972.44,0.307,0.467,18.375,20.063
Mercury,Neptune,26.814,27.54,26.699,15.481,15.9,15.415,29.3,30.908,4383280000.0,4623836800.0,7568.02,7772.91,13108.19,13463.08,0.307,0.467,29.767,30.441
Venus,Earth,2.501,6.544,2.103,1.444,3.778,1.214,0.255,1.745,38148000.0,261052000.0,706.02,1846.91,1222.87,3198.94,0.718,0.728,0.983,1.017
Venus,Mars,4.003,7.665,3.8,2.311,4.425,2.194,0.653,2.394,97688800.0,358142400.0,1129.81,2163.27,1956.89,3746.89,0.718,0.728,1.381,1.666
Venus,Ceres,6.69,9.536,6.47,3.862,5.505,3.736,1.8238,3.7055,272840480.0,554342800.0,1888.15,2691.36,3270.37,4661.57,0.718,0.728,2.5518,2.9775
Venus,Jupiter,10.179,12.32,9.987,5.877,7.113,5.766,4.222,6.185,631611200.0,925276000.0,2872.81,3477.11,4975.86,6022.53,0.718,0.728,4.95,5.457
Venus,Saturn,14.283,16.319,14.358,8.246,9.422,8.289,8.313,10.852,1243624800.0,1623459200.0,4031.13,4605.78,6982.13,7977.44,0.718,0.728,9.041,10.124
Venus,Uranus,20.81,22.587,21.023,12.014,13.041,12.138,17.647,20.791,2639991200.0,3110333600.0,5873.32,6375.09,10172.89,11041.97,0.718,0.728,18.375,20.063
Venus,Neptune,26.694,27.656,26.624,15.412,15.967,15.372,29.039,31.169,4344234400.0,4662882400.0,7534.24,7805.66,13049.67,13519.8,0.718,0.728,29.767,30.441
Earth,Mars,2.989,8.114,6.687,1.726,4.685,3.861,0.364,2.683,54454400.0,401376800.0,843.53,2290.12,1461.03,3966.61,0.983,1.017,1.381,1.666
Earth,Ceres,6.137,9.901,8.494,3.543,5.716,4.904,1.5348,3.9945,229606080.0,597577200.0,1732.11,2794.34,3000.09,4839.94,0.983,1.017,2.5518,2.9775
Earth,Jupiter,9.824,12.604,11.403,5.672,7.277,6.583,3.933,6.474,588376800.0,968510400.0,2772.75,3557.42,4802.54,6161.62,0.983,1.017,4.95,5.457
Earth,Saturn,14.032,16.535,15.376,8.101,9.546,8.877,8.024,11.141,1200390400.0,1666693600.0,3960.44,4666.71,6859.69,8082.97,0.983,1.017,9.041,10.124
Earth,Uranus,20.639,22.744,21.731,11.916,13.131,12.547,17.358,21.08,2596756800.0,3153568000.0,5825.03,6419.24,10089.25,11118.45,0.983,1.017,18.375,20.063
Earth,Neptune,26.561,27.784,27.187,15.335,16.041,15.696,28.75,31.458,4301000000.0,4706116800.0,7496.65,7841.77,12984.58,13582.33,0.983,1.017,29.767,30.441
Mars,Ceres,4.662,10.675,5.237,2.692,6.163,3.023,0.8858,4.6435,132515680.0,694667600.0,1315.88,3012.81,2279.17,5218.33,1.381,1.666,2.5518,2.9775
Mars,Jupiter,8.977,13.221,9.236,5.183,7.633,5.332,3.284,7.123,491286400.0,1065600800.0,2533.67,3731.47,4388.44,6463.09,1.381,1.666,4.95,5.457
Mars,Saturn,13.453,17.009,13.846,7.767,9.82,7.994,7.375,11.79,1103300000.0,1763784000.0,3796.9,4800.71,6576.42,8315.07,1.381,1.666,9.041,10.124
Mars,Uranus,20.249,23.091,20.677,11.691,13.332,11.938,16.709,21.729,2499666400.0,3250658400.0,5715.1,6517.31,9898.83,11288.3,1.381,1.666,18.375,20.063
Mars,Neptune,26.26,28.069,26.352,15.161,16.206,15.214,28.101,32.107,4203909600.0,4803207200.0,7411.55,7922.25,12837.18,13721.72,1.381,1.666,29.767,30.441
Ceres,Jupiter,6.957,14.387,7.608,4.017,8.306,4.393,1.9725,8.4345,295086000.0,1261801200.0,1963.62,4060.49,3401.08,7032.97,2.5518,2.9775,4.95,5.457
Ceres,Saturn,12.198,17.93,12.817,7.043,10.352,7.4,6.0635,13.1015,907099600.0,1959984400.0,3442.79,5060.68,5963.08,8765.35,2.5518,2.9775,9.041,10.124
Ceres,Uranus,19.438,23.778,20.003,11.223,13.728,11.549,15.3975,23.0405,2303466000.0,3446858800.0,5486.22,6711.11,9502.41,11623.98,2.5518,2.9775,18.375,20.063
Ceres,Neptune,25.64,28.637,25.826,14.803,16.533,14.911,26.7895,33.4185,4007709200.0,4999407600.0,7236.54,8082.43,12534.04,13999.17,2.5518,2.9775,29.767,30.441
Jupiter,Saturn,9.378,19.554,10.315,5.414,11.289,5.955,3.584,15.581,536166400.0,2330917600.0,2646.87,5518.82,4584.51,9558.87,4.95,5.457,9.041,10.124
Jupiter,Uranus,17.804,25.025,18.499,10.279,14.448,10.681,12.918,25.52,1932532800.0,3817792000.0,5025.12,7062.99,8703.75,12233.46,4.95,5.457,18.375,20.063
Jupiter,Neptune,24.424,29.68,24.68,14.101,17.136,14.249,24.31,35.898,3636776000.0,5370340800.0,6893.52,8376.9,11939.92,14509.22,4.95,5.457,29.767,30.441
Saturn,Uranus,14.229,27.217,15.357,8.215,15.714,8.866,8.251,30.187,1234349600.0,4515975200.0,4016.07,7681.72,6956.04,13305.12,9.041,10.124,18.375,20.063
Saturn,Neptune,21.955,31.55,22.421,12.676,18.216,12.945,19.643,40.565,2938592800.0,6068524000.0,6196.58,8904.8,10732.79,15423.56,9.041,10.124,29.767,30.441
Uranus,Neptune,15.431,35.204,16.336,8.909,20.325,9.432,9.704,50.504,1451718400.0,7555398400.0,4355.36,9935.99,7543.7,17209.64,18.375,20.063,29.767,30.441
